Date,Categorie,Nom,Description,Prix_FCFA,Disponible,Ordre
2026-09-30,Plats,Ndolé royal,"Ndolé, viande, crevettes et plantain mûr",3500,Oui,1
2026-09-30,Plats,Poulet DG,"Poulet, plantain mûr et légumes sautés",4500,Oui,2
2026-09-30,Boissons,Eau minérale 50 cl,Bouteille fraîche,500,Oui,10
2026-09-30,Boissons,Jus de bissap,"Fabrication maison, 33 cl",1000,Oui,11
2026-09-30,Boissons,Jus de gingembre,"Fabrication maison, 33 cl",1000,Oui,12
2026-10-01,Plats,Poulet DG,"Poulet, plantain mûr et légumes sautés",4500,Oui,2
2026-10-01,Plats,Poisson braisé,"Poisson entier, miondo et sauce piment",5000,Oui,3
2026-10-01,Boissons,Eau minérale 50 cl,Bouteille fraîche,500,Oui,10
2026-10-01,Boissons,Jus de bissap,"Fabrication maison, 33 cl",1000,Oui,11
2026-10-01,Boissons,Jus de gingembre,"Fabrication maison, 33 cl",1000,Oui,12
2026-10-02,Plats,Ndolé royal,"Ndolé, viande, crevettes et plantain mûr",3500,Oui,1
2026-10-02,Plats,Poisson braisé,"Poisson entier, miondo et sauce piment",5000,Oui,3
2026-10-02,Boissons,Eau minérale 50 cl,Bouteille fraîche,500,Oui,10
2026-10-02,Boissons,Jus de bissap,"Fabrication maison, 33 cl",1000,Oui,11
2026-10-02,Boissons,Jus de gingembre,"Fabrication maison, 33 cl",1000,Oui,12
2026-10-03,Plats,Ndolé royal,"Ndolé, viande, crevettes et plantain mûr",3500,Oui,1
2026-10-03,Plats,Poulet DG,"Poulet, plantain mûr et légumes sautés",4500,Oui,2
2026-10-03,Boissons,Eau minérale 50 cl,Bouteille fraîche,500,Oui,10
2026-10-03,Boissons,Jus de bissap,"Fabrication maison, 33 cl",1000,Oui,11
2026-10-03,Boissons,Jus de gingembre,"Fabrication maison, 33 cl",1000,Oui,12
2026-10-04,Plats,Poulet DG,"Poulet, plantain mûr et légumes sautés",4500,Oui,2
2026-10-04,Plats,Poisson braisé,"Poisson entier, miondo et sauce piment",5000,Oui,3
2026-10-04,Boissons,Eau minérale 50 cl,Bouteille fraîche,500,Oui,10
2026-10-04,Boissons,Jus de bissap,"Fabrication maison, 33 cl",1000,Oui,11
2026-10-04,Boissons,Jus de gingembre,"Fabrication maison, 33 cl",1000,Oui,12
2026-10-05,Plats,Ndolé royal,"Ndolé, viande, crevettes et plantain mûr",3500,Oui,1
2026-10-05,Plats,Poisson braisé,"Poisson entier, miondo et sauce piment",5000,Oui,3
2026-10-05,Boissons,Eau minérale 50 cl,Bouteille fraîche,500,Oui,10
2026-10-05,Boissons,Jus de bissap,"Fabrication maison, 33 cl",1000,Oui,11
2026-10-05,Boissons,Jus de gingembre,"Fabrication maison, 33 cl",1000,Oui,12
2026-10-06,Plats,Ndolé royal,"Ndolé, viande, crevettes et plantain mûr",3500,Oui,1
2026-10-06,Plats,Poulet DG,"Poulet, plantain mûr et légumes sautés",4500,Oui,2
2026-10-06,Boissons,Eau minérale 50 cl,Bouteille fraîche,500,Oui,10
2026-10-06,Boissons,Jus de bissap,"Fabrication maison, 33 cl",1000,Oui,11
2026-10-06,Boissons,Jus de gingembre,"Fabrication maison, 33 cl",1000,Oui,12
